Workbook

Sheet 1. 견적서
H5: OFFICIAL QUOTE
H6: EST-YYYYMMDD-001
H7: 2026. 07. 22
B9: QUOTATION
B11: AUTOMATION SYSTEM DEVELOPMENT / COST PROPOSAL
B12: 자동화 장비 개발
B15: CLIENT | G15: TO
B16: 주식회사 예시고객 | G16: 구매 담당자님
B19: PROJECT SCOPE | G19: SUPPLIER INFORMATION
B20: 설계 · 제작 · 제어 · 시운전 일괄 수행 | G20: 회사 | H20: (주)단디메카 · 대표 이건희 · 사업자 503-87-01208
G21: 본사 | H21: 경기도 의왕시 오전공업길 19 · 대현테크노월드 206호
G22: 견적 담당 | H22: 국형주 이사 · 010-6662-9591 · hj.kook@dhandy.co.kr
B23: 견적 금액 구성 | I23: KRW / VAT EXCLUDED
B24: CODE | D24: 항목 | G24: 구성 기준 | J24: 금액
B25: 10 | D25: 설비 하드웨어 비용 | G25: 주요 모듈 · 프레임 · 제어 구매품 | J25: ='2. 상세견적'!J11 -> 40000000
B26: 20 | D26: 제작 노무비 | G26: 가공 · 조립 · 배선 · 제작 | J26: ='2. 상세견적'!J18 -> 10250000
B27: 30 | D27: HW 개발 노무비 | G27: 기구 · 전장 설계 및 검토 | J27: ='2. 상세견적'!J21 -> 16500000
B28: 40 | D28: SW · 제어 개발 노무비 | G28: PLC · HMI · 통합 제어 | J28: ='2. 상세견적'!J24 -> 16500000
B29: 50 | D29: 시운전 · 검증 노무비 | G29: FAT · 통합 검증 · 현장 대응 | J29: ='2. 상세견적'!J27 -> 8000000
B30: 60 | D30: 기타 수행 비용 | G30: 운송 · 기술문서 · 시험 소모품 | J30: ='2. 상세견적'!J29 -> 7000000
B31: 70 | D31: 일반관리비 및 기업이윤 | G31: 직접비 기준 관리비 · 이윤 | J31: ='2. 상세견적'!J34 -> 12133875
B32: ADJ. | D32: 견적 단위 조정 | G32: 1,000원 단위 끝단 조정 | J32: ='2. 상세견적'!J38 -> -875
B33: NEG. | D33: 협의 할인 | G33: 목표 예산 반영 협의 조정 | J33: ='2. 상세견적'!J39 -> -10383000
B35: 최종 견적 금액 | G35: ='2. 상세견적'!J40 -> 100000000
B37: 한글 금액 | G37: 일금 일억원정
B38: VAT 포함 금액 | G38: ='2. 상세견적'!J41 -> 110000000
B40: 결제 조건 | G40: 납기
B41: 별도 협의 | G41: 발주 후 협의
B42: 설치 장소 | G42: 견적 유효기간
B43: 고객 지정 국내 사업장 | G43: 견적일로부터 10일
B45: 제조사·모델 또는 상세 사양이 지정되지 않은 항목은 본 견적 기준과 동급 또는 동등 이상의 성능·품질을 충족하는 제품을 적용하며, 주요 대체품은 제작 전 협의합니다. 기능 및 구성 변경 시 납기와 견적 금액이 조정될 수 있습니다.
B48: Dhandy Mecha Co., Ltd. | www.dhandy.co.kr | G48: CONFIDENTIAL QUOTATION

Sheet 2. 상세견적
B5: COST BREAKDOWN | G5: EST-YYYYMMDD-001 | L5: INTERNAL ONLY · 인쇄 제외
B6: 상세 견적 내역 | G6: 자동화 장비 개발 | L6: 견적 구성 분석
B8: 산출 기준 | 구성품별 자재비 + M/D 노무비 + 수행 경비 | G8: KRW / VAT EXCLUDED | L8: 산출 금액 | O8: 최종 견적
L9: =$J$37 -> 110383875 | O9: =$J$40 -> 100000000
B10: CODE | C10: 품명 | E10: 규격 및 산출 근거 | G10: 단위 | H10: 수량 | I10: 단가 | J10: 금액
B11: 10 | C11: 설비 하드웨어 비용 | E11: 하위 모듈 및 구성품별 산출 | J11: =SUM(J12,J15) -> 40000000
B12: 11 | C12: 기구 구성 | E12: 구성품 소계 | J12: =SUM(J13:J14) -> 30000000 | L12: 총 조정률 | P12: =ABS(($J$38+$J$39)/$J$37) -> 0.094070579
B13: 11.01 | C13: Base Frame | E13: 프로젝트 설계 기준 · 제조사 미지정 시 동급 이상 | G13: 식 | H13: 1 | I13: 20000000 | J13: =H13*I13 -> 20000000
B14: 11.02 | C14: Safety Cover | E14: 프로젝트 설계 기준 · 제조사 미지정 시 동급 이상 | G14: 식 | H14: 1 | I14: 10000000 | J14: =H14*I14 -> 10000000 | L14: 직접비 구성
B15: 12 | C15: 제어 구성 | E15: 구성품 소계 | J15: =SUM(J16:J17) -> 10000000
B16: 12.01 | C16: PLC/I/O | E16: 프로젝트 설계 기준 · 제조사 미지정 시 동급 이상 | G16: 식 | H16: 1 | I16: 8000000 | J16: =H16*I16 -> 8000000 | L16: 하드웨어 | Q16: =$J$11/$J$33 -> 0.40712468
B17: 12.02 | C17: Panel/Wiring | E17: 프로젝트 설계 기준 · 제조사 미지정 시 동급 이상 | G17: 식 | H17: 1 | I17: 2000000 | J17: =H17*I17 -> 2000000
B18: 20 | C18: 제작 노무비 | E18: 하위 업무별 투입인원 x 작업일수 | J18: =SUM(J19:J20) -> 10250000
B19: 20.01 | C19: 기구 조립 (중급) | E19: 중급 기술자 · 인건비 기준표 연동 | G19: M/D | H19: 20 | I19: ='3. 인건비 기준'!$D$11 -> 400000 | J19: =H19*I19 -> 8000000 | L19: 인건비 | Q19: =SUM($J$18,$J$21,$J$24,$J$27)/$J$33 -> 0.5216285
B20: 20.02 | C20: 정밀 조정 (고급) | E20: 고급 기술자 · 인건비 기준표 연동 | G20: M/D | H20: 5 | I20: ='3. 인건비 기준'!$D$12 -> 450000 | J20: =H20*I20 -> 2250000
B21: 30 | C21: HW 개발 노무비 | E21: 하위 업무별 투입인원 x 작업일수 | J21: =SUM(J22:J23) -> 16500000
B22: 30.01 | C22: 기구 설계 (중급) | E22: 중급 기술자 · 인건비 기준표 연동 | G22: M/D | H22: 30 | I22: ='3. 인건비 기준'!$D$11 -> 400000 | J22: =H22*I22 -> 12000000 | L22: 기타 | Q22: =$J$29/$J$33 -> 0.071246819
B23: 30.02 | C23: 구조 검토 (고급) | E23: 고급 기술자 · 인건비 기준표 연동 | G23: M/D | H23: 10 | I23: ='3. 인건비 기준'!$D$12 -> 450000 | J23: =H23*I23 -> 4500000
B24: 40 | C24: SW · 제어 개발 노무비 | E24: 하위 업무별 투입인원 x 작업일수 | J24: =SUM(J25:J26) -> 16500000 | L24: ="직접비 "&TEXT($J$33,"#,##0")&"원 기준" -> 직접비 98,250,000원 기준
B25: 40.01 | C25: PLC/Motion (중급) | E25: 중급 기술자 · 인건비 기준표 연동 | G25: M/D | H25: 30 | I25: ='3. 인건비 기준'!$D$11 -> 400000 | J25: =H25*I25 -> 12000000
B26: 40.02 | C26: 통합 설계 (고급) | E26: 고급 기술자 · 인건비 기준표 연동 | G26: M/D | H26: 10 | I26: ='3. 인건비 기준'!$D$12 -> 450000 | J26: =H26*I26 -> 4500000
B27: 50 | C27: 시운전 · 검증 노무비 | E27: 하위 업무별 투입인원 x 작업일수 | J27: =SUM(J28:J28) -> 8000000 | L27: 인건비 세부 구성
B28: 50.01 | C28: 동작 튜닝 (중급) | E28: 중급 기술자 · 인건비 기준표 연동 | G28: M/D | H28: 20 | I28: ='3. 인건비 기준'!$D$11 -> 400000 | J28: =H28*I28 -> 8000000
B29: 60 | C29: 기타 수행 비용 | E29: 수행 항목별 실비 및 납품 산출물 기준 | J29: =SUM(J30:J32) -> 7000000 | L29: 제작 | P29: =$J$18/SUM($J$18,$J$21,$J$24,$J$27) -> 0.2
B30: 60.01 | C30: 운송/설치 | E30: 수행 범위 기준 · 실비성 경비 | G30: 식 | H30: 1 | I30: 3000000 | J30: =H30*I30 -> 3000000 | L30: HW 개발 | P30: =$J$21/SUM($J$18,$J$21,$J$24,$J$27) -> 0.32195122
B31: 60.02 | C31: 시험 소모품 | E31: 수행 범위 기준 · 실비성 경비 | G31: 식 | H31: 1 | I31: 2000000 | J31: =H31*I31 -> 2000000 | L31: SW · 제어 | P31: =$J$24/SUM($J$18,$J$21,$J$24,$J$27) -> 0.32195122
B32: 60.03 | C32: 기술문서 | E32: 수행 범위 기준 · 실비성 경비 | G32: 식 | H32: 1 | I32: 2000000 | J32: =H32*I32 -> 2000000 | L32: 시운전 · 검증 | P32: =$J$27/SUM($J$18,$J$21,$J$24,$J$27) -> 0.15609756
B33: DIRECT | C33: 직접비 소계 | J33: =SUM(J11,J18,J21,J24,J27,J29) -> 98250000
B34: 70 | C34: 일반관리비 및 기업이윤 | E34: 직접비 기준 산출 | J34: =SUM(J35:J36) -> 12133875
B35: 70.01 | C35: 일반관리비 및 간접 제조비 | E35: 직접비 기준 5% | G35: % | H35: 0.05 | J35: =ROUND(J33*H35,0) -> 4912500 | L35: 구성 요약
B36: 70.02 | C36: 기업이윤 | E36: 직접비 + 일반관리비 기준 7% | G36: % | H36: 0.07 | J36: =ROUND((J33+J35)*H36,0) -> 7221375 | L36: ="하드웨어·인건비 비중 "&TEXT(($J$11+SUM($J$18,$J$21,$J$24,$J$27))/$J$33,"0.0%") -> 하드웨어·인건비 비중 92.9%
B37: TOTAL | C37: 산출 금액 | J37: =SUM(J33,J34) -> 110383875
B38: ADJ. | C38: 견적 단위 조정 | E38: 1,000원 단위 정합을 위한 끝단위 조정 | J38: -875 | L38: ="직접비 "&TEXT($J$33/$J$37,"0.0%")&" | 관리·이윤 "&TEXT($J$34/$J$37,"0.0%") -> 직접비 89.0% | 관리·이윤 11.0%
B39: NEG. | C39: 협의 할인 | E39: 목표 예산을 반영한 협의 조정 | J39: -10383000
B40: FINAL | C40: 최종 공급가 (VAT 별도) | J40: =SUM(J37:J39) -> 100000000 | L40: 내부 검토용 · 고객 출력 제외
B41: VAT | C41: VAT 포함 금액 | J41: =ROUND(J40*1.1,0) -> 110000000
B43: 제조사·모델 또는 상세 사양이 지정되지 않은 항목은 본 견적 기준과 동급 또는 동등 이상의 성능·품질을 충족하는 제품을 적용하며, 주요 대체품은 제작 전 협의합니다. 기능 및 구성 변경 시 납기와 견적 금액이 조정될 수 있습니다.
B45: Dhandy Mecha Co., Ltd. | www.dhandy.co.kr | G45: CONFIDENTIAL QUOTATION

Sheet 3. 인건비 기준
B3: LABOR RATE STANDARD
B5: 인건비 기준표 | 견적 산출 공통 기준
B7: 기준일 | C7: 2026. 07. 22 | D7: 단위 | E7: KRW / M·D | F7: 적용 범위 | G7: 자동화 장비 개발 견적
B9: 등급 | C9: 기준 단가 (만원) | D9: 기준 단가 (원/M·D) | E9: 주요 적용 업무 | F9: 숙련 기준 | G9: 비고
B10: 초급 | C10: 35 | D10: 350000 | E10: 조립 지원 · 문서화 · 단순 시험 | F10: 지시 기반 실무 수행 | G10: 표준 단가
B11: 중급 | C11: 40 | D11: 400000 | E11: 기구/전장 설계 · PLC · 제작 | F11: 독립 업무 수행 | G11: 표준 단가
B12: 고급 | C12: 45 | D12: 450000 | E12: 구조 설계 · 알고리즘 · 통합 검증 | F12: 아키텍처 및 책임 수행 | G12: 표준 단가
B15: 적용 원칙 · 인건비는 등급별 M/D와 본 기준 단가를 곱하여 산출합니다. · 수행 난이도와 책임 범위에 따라 등급을 적용하며, 범위 변경 시 투입 M/D를 재산정합니다. · 상세견적의 인건비 금액은 본 시트의 단가 셀을 직접 참조합니다.
B23: Dhandy Mecha Co., Ltd. | 단단히, 제대로 만드는 자동화 솔루션 | E23: INTERNAL RATE STANDARD
